claim,evidence,label,string_evidence
Nikolaj Coster-Waldau worked with the Fox Broadcasting Company.,"['The Fox Broadcasting Company -LRB- often shortened to Fox and stylized as FOX -RRB- is an American English language commercial broadcast television network that is owned by the Fox Entertainment Group subsidiary of 21st Century Fox .', 'Nikolaj Coster-Waldau -LRB- -LSB- neɡ̊olaɪ̯ kʰʌsd̥ɐ ˈʋald̥ɑʊ̯ -RSB- ; born 27 July 1970 -RRB- is a Danish actor , producer and screenwriter .', 'Since then he has appeared in numerous films in his native Scandinavia and Europe in general , including Headhunters -LRB- 2011 -RRB- and A Thousand Times Good Night -LRB- 2013 -RRB- .', ""Most viewers in Canada have access to at least one U.S.-based Fox affiliate , either over-the-air or through a pay television provider , although Fox 's National Football League telecasts and most of its prime time programming are subject to simultaneous substitution regulations for cable and satellite providers imposed by the Canadian Radio-television and Telecommunications Commission -LRB- CRTC -RRB- to protect rights held by domestically based networks ."", ""Coster-Waldau 's breakthrough performance in Denmark was his role in the film Nightwatch -LRB- 1994 -RRB- .""]",SUPPORTS,"The Fox Broadcasting Company -LRB- often shortened to Fox and stylized as FOX -RRB- is an American English language commercial broadcast television network that is owned by the Fox Entertainment Group subsidiary of 21st Century Fox .|Nikolaj Coster-Waldau -LRB- -LSB- neɡ̊olaɪ̯ kʰʌsd̥ɐ ˈʋald̥ɑʊ̯ -RSB- ; born 27 July 1970 -RRB- is a Danish actor , producer and screenwriter .|Since then he has appeared in numerous films in his native Scandinavia and Europe in general , including Headhunters -LRB- 2011 -RRB- and A Thousand Times Good Night -LRB- 2013 -RRB- .|Most viewers in Canada have access to at least one U.S.-based Fox affiliate , either over-the-air or through a pay television provider , although Fox 's National Football League telecasts and most of its prime time programming are subject to simultaneous substitution regulations for cable and satellite providers imposed by the Canadian Radio-television and Telecommunications Commission -LRB- CRTC -RRB- to protect rights held by domestically based networks .|Coster-Waldau 's breakthrough performance in Denmark was his role in the film Nightwatch -LRB- 1994 -RRB- ."
Roman Atwood is a content creator.,"[""Content is `` something that is to be expressed through some medium , as speech , writing or any of various arts '' for self-expression , distribution , marketing and/or publication ."", 'Typical forms of content creation include maintaining and updating web sites , blogging , photography , videography , online commentary , the maintenance of social media accounts , and editing and distribution of digital media .', 'Content Creation is the contribution of information to any media and most especially to digital media for an end-user/audience in specific contexts .', 'A Pew survey described content creation as the creation of `` the material people contribute to the online world .', ""His vlogging channel , `` RomanAtwoodVlogs '' , has a total of 3.3 billion views and 11.9 million subscribers .""]",SUPPORTS,"Content is `` something that is to be expressed through some medium , as speech , writing or any of various arts '' for self-expression , distribution , marketing and/or publication .|Typical forms of content creation include maintaining and updating web sites , blogging , photography , videography , online commentary , the maintenance of social media accounts , and editing and distribution of digital media .|Content Creation is the contribution of information to any media and most especially to digital media for an end-user/audience in specific contexts .|A Pew survey described content creation as the creation of `` the material people contribute to the online world .|His vlogging channel , `` RomanAtwoodVlogs '' , has a total of 3.3 billion views and 11.9 million subscribers ."
"History of art includes architecture, dance, sculpture, music, painting, poetry literature, theatre, narrative, film, photography and graphic arts.","['The subsequent expansion of the list of principal arts in the 20th century reached to nine : architecture , dance , sculpture , music , painting , poetry -LRB- described broadly as a form of literature with aesthetic purpose or function , which also includes the distinct genres of theatre and narrative -RRB- , film , photography and graphic arts .', ""Architecture -LRB- Latin architectura #Latin , from the Greek ἀρχιτέκτων arkhitekton `` architect '' , from ἀρχι - `` chief '' and τέκτων `` builder '' -RRB- is both the process and the product of planning , designing , and constructing buildings and other physical structures ."", 'The term usually refers to the arts that rely more on line or tone than on color , especially drawing and the various forms of engraving ; it is sometimes understood to refer specifically to printmaking processes , such as line engraving , aquatint , drypoint , etching , mezzotint , monotype , lithography , and screen printing -LRB- silk-screen , serigraphy -RRB- .', 'Music , theatre , film , dance , and other performing arts , as well as literature and other media such as interactive media , are included in a broader definition of art or the arts .', 'Architecture is often included as one of the visual arts ; however , like the decorative arts , or advertising , it involves the creation of objects where the practical considerations of use are essential -- in a way that they usually are not in a painting , for example .']",SUPPORTS,"The subsequent expansion of the list of principal arts in the 20th century reached to nine : architecture , dance , sculpture , music , painting , poetry -LRB- described broadly as a form of literature with aesthetic purpose or function , which also includes the distinct genres of theatre and narrative -RRB- , film , photography and graphic arts .|Architecture -LRB- Latin architectura #Latin , from the Greek ἀρχιτέκτων arkhitekton `` architect '' , from ἀρχι - `` chief '' and τέκτων `` builder '' -RRB- is both the process and the product of planning , designing , and constructing buildings and other physical structures .|The term usually refers to the arts that rely more on line or tone than on color , especially drawing and the various forms of engraving ; it is sometimes understood to refer specifically to printmaking processes , such as line engraving , aquatint , drypoint , etching , mezzotint , monotype , lithography , and screen printing -LRB- silk-screen , serigraphy -RRB- .|Music , theatre , film , dance , and other performing arts , as well as literature and other media such as interactive media , are included in a broader definition of art or the arts .|Architecture is often included as one of the visual arts ; however , like the decorative arts , or advertising , it involves the creation of objects where the practical considerations of use are essential -- in a way that they usually are not in a painting , for example ."
Adrienne Bailon is an accountant.,"['An accountant is a practitioner of accounting or accountancy , which is the measurement , disclosure or provision of assurance about financial information that helps managers , investors , tax authorities and others make decisions about allocating resource -LRB- s -RRB- .', ""Accountants who have demonstrated competency through their professional associations ' certification exams are certified to use titles such as Chartered Accountant , Chartered Certified Accountant or Certified Public Accountant ."", 'Non-qualified accountants may be employed by a qualified accountant , or may work independently without statutory privileges and obligations .', 'However , most accountants are employed in commerce , industry and the public sector .', 'The Big Four auditors are the largest employers of accountants worldwide .']",REFUTES,"An accountant is a practitioner of accounting or accountancy , which is the measurement , disclosure or provision of assurance about financial information that helps managers , investors , tax authorities and others make decisions about allocating resource -LRB- s -RRB- .|Accountants who have demonstrated competency through their professional associations ' certification exams are certified to use titles such as Chartered Accountant , Chartered Certified Accountant or Certified Public Accountant .|Non-qualified accountants may be employed by a qualified accountant , or may work independently without statutory privileges and obligations .|However , most accountants are employed in commerce , industry and the public sector .|The Big Four auditors are the largest employers of accountants worldwide ."
System of a Down briefly disbanded in limbo.,"['SilverHawks is an American animated television series developed by Rankin/Bass Productions and distributed by Lorimar-Telepictures in 1986 , now Warner Bros. .', 'System of a Down , sometimes shortened to SOAD or System , is an heavy metal band from Glendale , California , formed in 1994 .', ""In Catholic theology , Limbo -LRB- Latin limbus , edge or boundary , referring to the `` edge '' of Hell -RRB- is a speculative idea about the afterlife condition of those who die in original sin without being assigned to the Hell of the Damned ."", ""`` Down Down '' is a popular song by the English rock band Status Quo ."", 'A system is a regularly interacting or interdependent group of items forming a unified whole .']",NOT ENOUGH INFO,"SilverHawks is an American animated television series developed by Rankin/Bass Productions and distributed by Lorimar-Telepictures in 1986 , now Warner Bros. .|System of a Down , sometimes shortened to SOAD or System , is an heavy metal band from Glendale , California , formed in 1994 .|In Catholic theology , Limbo -LRB- Latin limbus , edge or boundary , referring to the `` edge '' of Hell -RRB- is a speculative idea about the afterlife condition of those who die in original sin without being assigned to the Hell of the Damned .|`` Down Down '' is a popular song by the English rock band Status Quo .|A system is a regularly interacting or interdependent group of items forming a unified whole ."
Homeland is an American television spy thriller based on the Israeli television series Prisoners of War.,"[""A prisoner of war -LRB- POW , PoW , PW , P/W , WP , PsW , enemy prisoner of war -LRB- EPW -RRB- or `` missing-captured '' -RRB- is a person , whether combatant or non-combatant , who is held in custody by a belligerent power during or immediately after an armed conflict ."", 'War is a state of armed conflict between societies .', 'A prisoner , -LRB- also known as an inmate or detainee -RRB- is a person who is deprived of liberty against his or her will .', 'A homeland -LRB- country of origin and native land -RRB- is the concept of the place -LRB- cultural geography -RRB- with which an ethnic group holds a long history and a deep cultural association -- the country in which a particular national identity began .', 'Belligerents hold prisoners of war in custody for a range of legitimate and illegitimate reasons , such as isolating them from enemy combatants still in the field -LRB- releasing and repatriating them in an orderly manner after hostilities -RRB- , demonstrating military victory , punishing them , prosecuting them for war crimes , exploiting them for their labour , recruiting or even conscripting them as their own combatants , collecting military and political intelligence from them , or indoctrinating them in new political or religious beliefs .']",SUPPORTS,"A prisoner of war -LRB- POW , PoW , PW , P/W , WP , PsW , enemy prisoner of war -LRB- EPW -RRB- or `` missing-captured '' -RRB- is a person , whether combatant or non-combatant , who is held in custody by a belligerent power during or immediately after an armed conflict .|War is a state of armed conflict between societies .|A prisoner , -LRB- also known as an inmate or detainee -RRB- is a person who is deprived of liberty against his or her will .|A homeland -LRB- country of origin and native land -RRB- is the concept of the place -LRB- cultural geography -RRB- with which an ethnic group holds a long history and a deep cultural association -- the country in which a particular national identity began .|Belligerents hold prisoners of war in custody for a range of legitimate and illegitimate reasons , such as isolating them from enemy combatants still in the field -LRB- releasing and repatriating them in an orderly manner after hostilities -RRB- , demonstrating military victory , punishing them , prosecuting them for war crimes , exploiting them for their labour , recruiting or even conscripting them as their own combatants , collecting military and political intelligence from them , or indoctrinating them in new political or religious beliefs ."
Beautiful reached number two on the Billboard Hot 100 in 2003.,"['The Billboard Hot 100 is the music industry standard record chart in the United States for singles , published weekly by Billboard magazine .', 'Number Two , No.', 'As of the issue for the week ending on June 10 , 2017 , the Hot 100 has had 1,065 different number one hits .', 'Beautiful , an adjective used to describe things as possessing beauty , may refer to : beauty beauty', '']",NOT ENOUGH INFO,"The Billboard Hot 100 is the music industry standard record chart in the United States for singles , published weekly by Billboard magazine .|Number Two , No.|As of the issue for the week ending on June 10 , 2017 , the Hot 100 has had 1,065 different number one hits .|Beautiful , an adjective used to describe things as possessing beauty , may refer to : beauty beauty|"
Neal Schon was named in 1954.,"['Neal Joseph Schon -LRB- born February 27 , 1954 -RRB- is an American rock guitarist , songwriter , and vocalist , best known for his work with the bands Journey and Bad English .', 'Schon was inducted into the Rock and Roll Hall of Fame as a member of Journey on April 7 , 2017 .', 'Schon was inducted into the Oklahoma Music Hall of Fame on August 23 , 2013 .', 'He was a member of the rock band Santana before forming Journey , and was also an original member of Hardline .', ""He is Journey 's last original constant member , having participated in every album and tour to date .""]",NOT ENOUGH INFO,"Neal Joseph Schon -LRB- born February 27 , 1954 -RRB- is an American rock guitarist , songwriter , and vocalist , best known for his work with the bands Journey and Bad English .|Schon was inducted into the Rock and Roll Hall of Fame as a member of Journey on April 7 , 2017 .|Schon was inducted into the Oklahoma Music Hall of Fame on August 23 , 2013 .|He was a member of the rock band Santana before forming Journey , and was also an original member of Hardline .|He is Journey 's last original constant member , having participated in every album and tour to date ."
The Boston Celtics play their home games at TD Garden.,"['TD Garden is the home arena for the Boston Bruins of the National Hockey League and the Boston Celtics of the National Basketball Association .', 'TD Garden is the home arena for the Boston Bruins of the National Hockey League and the Boston Celtics of the National Basketball Association .', ""The Celtics compete in the National Basketball Association -LRB- NBA -RRB- as a member of the league 's Eastern Conference Atlantic Division ."", 'The Milwaukee Brewers are an American professional baseball team and are based in Milwaukee , Wisconsin .', ""TD Garden , often called `` Boston Garden '' and `` The Garden '' , is a multi-purpose arena in Boston .""]",SUPPORTS,"TD Garden is the home arena for the Boston Bruins of the National Hockey League and the Boston Celtics of the National Basketball Association .|TD Garden is the home arena for the Boston Bruins of the National Hockey League and the Boston Celtics of the National Basketball Association .|The Celtics compete in the National Basketball Association -LRB- NBA -RRB- as a member of the league 's Eastern Conference Atlantic Division .|The Milwaukee Brewers are an American professional baseball team and are based in Milwaukee , Wisconsin .|TD Garden , often called `` Boston Garden '' and `` The Garden '' , is a multi-purpose arena in Boston ."
The Ten Commandments is an epic film.,"[""The commandments include instructions to worship only God , to honour one 's parents , and to keep the sabbath , as well as prohibitions against idolatry , blasphemy , murder , adultery , theft , dishonesty , and coveting ."", 'The Ten Commandments appear twice in the Hebrew Bible , in the books of Exodus and Deuteronomy .', 'The Ten Commandments , also known as the Decalogue , are a set of biblical laws relating to ethics and worship , which play a fundamental role in Judaism , Christianity , and Islam .', 'Epic film is a style of filmmaking with large scale , sweeping scope , and spectacle .', 'Epic historical films would usually take a historical or a mythic event and add an extravagant setting and lavish costumes , accompanied by an expansive musical score with an ensemble cast , which would make them among the most expensive of films to produce .']",SUPPORTS,"The commandments include instructions to worship only God , to honour one 's parents , and to keep the sabbath , as well as prohibitions against idolatry , blasphemy , murder , adultery , theft , dishonesty , and coveting .|The Ten Commandments appear twice in the Hebrew Bible , in the books of Exodus and Deuteronomy .|The Ten Commandments , also known as the Decalogue , are a set of biblical laws relating to ethics and worship , which play a fundamental role in Judaism , Christianity , and Islam .|Epic film is a style of filmmaking with large scale , sweeping scope , and spectacle .|Epic historical films would usually take a historical or a mythic event and add an extravagant setting and lavish costumes , accompanied by an expansive musical score with an ensemble cast , which would make them among the most expensive of films to produce ."
Tetris has sold millions of physical copies.,"['In January 2010 , it was announced that the Tetris franchise had sold more than 170 million copies , approximately 70 million physical copies and over 100 million copies for cell phones , making it the best selling paid-downloaded game of all time .', 'Tetris -LRB- , pronounced -LSB- ˈtɛtrʲɪs -RSB- -RRB- is a tile-matching puzzle video game , originally designed and programmed by Russian game designer Alexey Pajitnov .', ""On 14 March 2014 , The Tetris Company announced a deal to bring Tetris '' to two of the latest hardware platforms , the Xbox One and PlayStation 4 , in partnership with Ubisoft -LRB- publishing -RRB- and SoMa Play -LRB- development -RRB- , to coincide with the franchise 's 30th anniversary ."", ""In 2007 , Tetris came in second place in IGN 's `` 100 Greatest Video Games of All Time '' ."", ""Guinness World Records states that double A-side charity single `` Candle in the Wind 1997 '' / `` Something About the Way You Look Tonight '' -LRB- 1997 -RRB- by Elton John , a tribute to the late Diana , Princess of Wales , is `` the biggest-selling single since UK and US singles charts began in the 1950s , having accumulated worldwide sales of 33 million copies , '' making it the second-best-selling single of all time .""]",SUPPORTS,"In January 2010 , it was announced that the Tetris franchise had sold more than 170 million copies , approximately 70 million physical copies and over 100 million copies for cell phones , making it the best selling paid-downloaded game of all time .|Tetris -LRB- , pronounced -LSB- ˈtɛtrʲɪs -RSB- -RRB- is a tile-matching puzzle video game , originally designed and programmed by Russian game designer Alexey Pajitnov .|On 14 March 2014 , The Tetris Company announced a deal to bring Tetris '' to two of the latest hardware platforms , the Xbox One and PlayStation 4 , in partnership with Ubisoft -LRB- publishing -RRB- and SoMa Play -LRB- development -RRB- , to coincide with the franchise 's 30th anniversary .|In 2007 , Tetris came in second place in IGN 's `` 100 Greatest Video Games of All Time '' .|Guinness World Records states that double A-side charity single `` Candle in the Wind 1997 '' / `` Something About the Way You Look Tonight '' -LRB- 1997 -RRB- by Elton John , a tribute to the late Diana , Princess of Wales , is `` the biggest-selling single since UK and US singles charts began in the 1950s , having accumulated worldwide sales of 33 million copies , '' making it the second-best-selling single of all time ."
Cyndi Lauper won the Best New Artist award at the 27th Grammy Awards in 1985.,"[""Her debut solo album She 's So Unusual -LRB- 1983 -RRB- was the first debut female album to chart four top-five hits on the Billboard Hot 100 -- `` Girls Just Want to Have Fun '' , `` Time After Time '' , `` She Bop '' , and `` All Through the Night '' -- and earned Lauper the Best New Artist award at the 27th Grammy Awards in 1985 ."", 'Since 1989 , Lauper has released nine studio albums and participated in many other projects .', 'Lauper has been celebrated for her humanitarian work , particularly as an advocate for LGBT rights in the United States .', ""She has won awards at the Grammys , Emmys , Tonys , the New York 's Outer Critics Circle , MTV Video Music Awards -LRB- VMAs -RRB- , Billboard Awards , and American Music Awards -LRB- AMAs -RRB- ."", ""VH1 has ranked Lauper No. 58 of the 100 Greatest Women of Rock & Roll '' .""]",SUPPORTS,"Her debut solo album She 's So Unusual -LRB- 1983 -RRB- was the first debut female album to chart four top-five hits on the Billboard Hot 100 -- `` Girls Just Want to Have Fun '' , `` Time After Time '' , `` She Bop '' , and `` All Through the Night '' -- and earned Lauper the Best New Artist award at the 27th Grammy Awards in 1985 .|Since 1989 , Lauper has released nine studio albums and participated in many other projects .|Lauper has been celebrated for her humanitarian work , particularly as an advocate for LGBT rights in the United States .|She has won awards at the Grammys , Emmys , Tonys , the New York 's Outer Critics Circle , MTV Video Music Awards -LRB- VMAs -RRB- , Billboard Awards , and American Music Awards -LRB- AMAs -RRB- .|VH1 has ranked Lauper No. 58 of the 100 Greatest Women of Rock & Roll '' ."
There is a movie called The Hunger Games.,"[""A Movie is a 1958 experimental collage film in which Bruce Conner put together snippets of found footage , taken from B-movies , newsreels , soft-core pornography , novelty short films , and other sources , to a musical score featuring Respighi 's Pines of Rome ."", 'The Hunger Games universe is a dystopia set in Panem , a country consisting of the wealthy Capitol and 12 districts in varying states of poverty .', 'On August 17 , 2012 , Amazon announced The Hunger Games trilogy as its top seller , surpassing the record previously held by the Harry Potter series . The Hunger Games The Hunger Games universe#The Hunger Games trilogy trilogy Harry Potter Harry Potter Amazon Amazon.', 'By the time the film adaptation of The Hunger Games was released in 2012 , the publisher had reported over 26 million Hunger Games trilogy books in print , including movie tie-in books .', 'The series is set in The Hunger Games universe , and follows young characters Katniss Everdeen and Peeta Mellark .']",SUPPORTS,"A Movie is a 1958 experimental collage film in which Bruce Conner put together snippets of found footage , taken from B-movies , newsreels , soft-core pornography , novelty short films , and other sources , to a musical score featuring Respighi 's Pines of Rome .|The Hunger Games universe is a dystopia set in Panem , a country consisting of the wealthy Capitol and 12 districts in varying states of poverty .|On August 17 , 2012 , Amazon announced The Hunger Games trilogy as its top seller , surpassing the record previously held by the Harry Potter series . The Hunger Games The Hunger Games universe#The Hunger Games trilogy trilogy Harry Potter Harry Potter Amazon Amazon.|By the time the film adaptation of The Hunger Games was released in 2012 , the publisher had reported over 26 million Hunger Games trilogy books in print , including movie tie-in books .|The series is set in The Hunger Games universe , and follows young characters Katniss Everdeen and Peeta Mellark ."
Ryan Gosling has been to a country in Africa.,"[""Gosling 's directorial debut Lost River was released in 2014 to poor reviews ."", 'His first starring film role was as a Jewish neo-Nazi in The Believer -LRB- 2001 -RRB- , and he went on to star in several independent films , including Murder by Numbers -LRB- 2002 -RRB- , The Slaughter Rule -LRB- 2002 -RRB- , and The United States of Leland -LRB- 2003 -RRB- .', 'Ryan Thomas Gosling -LRB- born November 12 , 1980 -RRB- is a Canadian actor and musician .', ""He began his career as a child star on the Disney Channel 's Mickey Mouse Club -LRB- 1993 -- 95 -RRB- and went on to appear in other family entertainment programs including Are You Afraid of the Dark ? Disney Channel Disney Channel Mickey Mouse Club Mickey Mouse Club"", 'Africa , particularly central Eastern Africa , is widely accepted as the place of origin of humans and the Hominidae clade -LRB- great apes -RRB- , as evidenced by the discovery of the earliest hominids and their ancestors , as well as later ones that have been dated to around seven million years ago , including Sahelanthropus tchadensis , Australopithecus africanus , A. afarensis , Homo erectus , H. habilis and H. ergaster -- with the earliest Homo sapiens -LRB- modern human -RRB- found in Ethiopia being dated to circa 200,000 years ago . Eastern Africa Eastern Africa human human Hominidae Hominidae clade clade hominids hominids Sahelanthropus tchadensis Sahelanthropus tchadensis Australopithecus africanus Australopithecus africanus A. afarensis Australopithecus afarensis Homo erectus Homo erectus H. habilis Homo habilis H.']",SUPPORTS,"Gosling 's directorial debut Lost River was released in 2014 to poor reviews .|His first starring film role was as a Jewish neo-Nazi in The Believer -LRB- 2001 -RRB- , and he went on to star in several independent films , including Murder by Numbers -LRB- 2002 -RRB- , The Slaughter Rule -LRB- 2002 -RRB- , and The United States of Leland -LRB- 2003 -RRB- .|Ryan Thomas Gosling -LRB- born November 12 , 1980 -RRB- is a Canadian actor and musician .|He began his career as a child star on the Disney Channel 's Mickey Mouse Club -LRB- 1993 -- 95 -RRB- and went on to appear in other family entertainment programs including Are You Afraid of the Dark ? Disney Channel Disney Channel Mickey Mouse Club Mickey Mouse Club|Africa , particularly central Eastern Africa , is widely accepted as the place of origin of humans and the Hominidae clade -LRB- great apes -RRB- , as evidenced by the discovery of the earliest hominids and their ancestors , as well as later ones that have been dated to around seven million years ago , including Sahelanthropus tchadensis , Australopithecus africanus , A. afarensis , Homo erectus , H. habilis and H. ergaster -- with the earliest Homo sapiens -LRB- modern human -RRB- found in Ethiopia being dated to circa 200,000 years ago . Eastern Africa Eastern Africa human human Hominidae Hominidae clade clade hominids hominids Sahelanthropus tchadensis Sahelanthropus tchadensis Australopithecus africanus Australopithecus africanus A. afarensis Australopithecus afarensis Homo erectus Homo erectus H. habilis Homo habilis H."
"Stranger Things is set in Bloomington, Indiana.","['Stranger Things is an American science fiction-horror web television series created , written , directed and co-executive produced by the Duffer Brothers , as well as co-executive-produced by Shawn Levy and Dan Cohen .', ""Set in the fictional town of Hawkins , Indiana in the 1980s , the first season focuses on the investigation into the disappearance of a young boy by his friends , older brother and traumatized mother and the local police chief , amid supernatural events occurring around the town including the appearance of a psychokinetic girl who helps the missing boy 's friends in their own search ."", 'The first season stars Winona Ryder , David Harbour , Finn Wolfhard , Millie Bobby Brown , Gaten Matarazzo , Caleb McLaughlin , Natalia Dyer , Charlie Heaton , Cara Buono , and Matthew Modine , with Noah Schnapp and Joe Keery in recurring roles .', 'On August 31 , 2016 , Netflix renewed the series for a second season of nine episodes , which is set to be released on October 31 , 2017 .', 'The series was released on Netflix on July 15 , 2016 .']",REFUTES,"Stranger Things is an American science fiction-horror web television series created , written , directed and co-executive produced by the Duffer Brothers , as well as co-executive-produced by Shawn Levy and Dan Cohen .|Set in the fictional town of Hawkins , Indiana in the 1980s , the first season focuses on the investigation into the disappearance of a young boy by his friends , older brother and traumatized mother and the local police chief , amid supernatural events occurring around the town including the appearance of a psychokinetic girl who helps the missing boy 's friends in their own search .|The first season stars Winona Ryder , David Harbour , Finn Wolfhard , Millie Bobby Brown , Gaten Matarazzo , Caleb McLaughlin , Natalia Dyer , Charlie Heaton , Cara Buono , and Matthew Modine , with Noah Schnapp and Joe Keery in recurring roles .|On August 31 , 2016 , Netflix renewed the series for a second season of nine episodes , which is set to be released on October 31 , 2017 .|The series was released on Netflix on July 15 , 2016 ."
Ryan Seacrest is a person.,"['He is best known for hosting the talent competition show American Idol , as well as the syndicated countdown program American Top 40 and the KIIS-FM morning radio show On Air with Ryan Seacrest .', 'Seacrest began co-hosting Live with Kelly and Ryan on a permanent basis May 1 , 2017 .', 'Ryan John Seacrest -LRB- born December 24 , 1974 -RRB- is an American radio personality , television host and producer .', ""He received Emmy Award nominations for American Idol , and won an Emmy for producing Jamie Oliver 's Food Revolution ."", 'A person is a being , such as a human , that has certain capacities or attributes constituting personhood , which in turn is defined differently by different authors in different disciplines , and by different cultures in different times and places .']",SUPPORTS,"He is best known for hosting the talent competition show American Idol , as well as the syndicated countdown program American Top 40 and the KIIS-FM morning radio show On Air with Ryan Seacrest .|Seacrest began co-hosting Live with Kelly and Ryan on a permanent basis May 1 , 2017 .|Ryan John Seacrest -LRB- born December 24 , 1974 -RRB- is an American radio personality , television host and producer .|He received Emmy Award nominations for American Idol , and won an Emmy for producing Jamie Oliver 's Food Revolution .|A person is a being , such as a human , that has certain capacities or attributes constituting personhood , which in turn is defined differently by different authors in different disciplines , and by different cultures in different times and places ."
Puerto Rico is not an unincorporated territory of the United States.,"['It is an archipelago that includes the main island of Puerto Rico and a number of smaller ones such as Mona , Culebra , and Vieques .', 'Eleven territories are small islands , atolls and reefs , spread across the Caribbean and Pacific , with no native or permanent populations .', 'Eleven territories are small islands , atolls and reefs , spread across the Caribbean and Pacific , with no native or permanent populations .', 'The United States of America -LRB- USA -RRB- , commonly known as the United States -LRB- U.S. -RRB- or America , is a constitutional federal republic composed of 50 states , a federal district , five major self-governing territories , and various possessions . territories Territories of the United States constitutional constitutional federal republic federal republic states U.S. state federal district Washington, D.C.', 'Territories of the United States are sub-national administrative divisions directly overseen by the United States federal government -LRB- unlike U.S. states , which share sovereignty with the federal government -RRB- . United States United States administrative divisions administrative divisions United States federal government United States federal government U.S. states U.S.']",REFUTES,"It is an archipelago that includes the main island of Puerto Rico and a number of smaller ones such as Mona , Culebra , and Vieques .|Eleven territories are small islands , atolls and reefs , spread across the Caribbean and Pacific , with no native or permanent populations .|Eleven territories are small islands , atolls and reefs , spread across the Caribbean and Pacific , with no native or permanent populations .|The United States of America -LRB- USA -RRB- , commonly known as the United States -LRB- U.S. -RRB- or America , is a constitutional federal republic composed of 50 states , a federal district , five major self-governing territories , and various possessions . territories Territories of the United States constitutional constitutional federal republic federal republic states U.S. state federal district Washington, D.C.|Territories of the United States are sub-national administrative divisions directly overseen by the United States federal government -LRB- unlike U.S. states , which share sovereignty with the federal government -RRB- . United States United States administrative divisions administrative divisions United States federal government United States federal government U.S. states U.S."
Michael Giacchino composed the score for Doctor Strange.,"['The Score -LRB- TV series -RRB- , a television drama series produced by MediaCorp Channel 8', 'The Score -LRB- TV documentary -RRB- , a 2003 TV documentary with Marc Shaiman and produced by Phil Ramone Marc Shaiman Marc Shaiman', 'The Score -LRB- Sports news show -RRB- , a sports news show on ABS-CBN Sports and Action', 'Michael Giacchino -LRB- -LSB- dʒakˈkiːno -RSB- ; born October 10 , 1967 -RRB- is an American composer of music for films , television and video games .', 'The Score -LRB- 1978 film -RRB- , a 1978 Swedish film , released in Sweden as Lyftet']",SUPPORTS,"The Score -LRB- TV series -RRB- , a television drama series produced by MediaCorp Channel 8|The Score -LRB- TV documentary -RRB- , a 2003 TV documentary with Marc Shaiman and produced by Phil Ramone Marc Shaiman Marc Shaiman|The Score -LRB- Sports news show -RRB- , a sports news show on ABS-CBN Sports and Action|Michael Giacchino -LRB- -LSB- dʒakˈkiːno -RSB- ; born October 10 , 1967 -RRB- is an American composer of music for films , television and video games .|The Score -LRB- 1978 film -RRB- , a 1978 Swedish film , released in Sweden as Lyftet"
Stranger than Fiction is a film.,"['A Serbian Film -LRB- Српски филм , Srpski film -RRB- is a 2010 Serbian horror film produced and directed by Srđan Spasojević , in his feature film debut .', ""It tells the story of a financially struggling porn star who agrees to participate in an `` art film '' , only to discover that he has been drafted into a snuff film with child rape and necrophiliac themes ."", 'The film has been banned in Spain , Germany , Australia , New Zealand , Malaysia , Singapore , Norway , and South Korea , and was temporarily banned from screening in Brazil .', 'Upon its debut on the art film circuit , the film received substantial attention for its graphic depictions of rape , necrophilia and child sexual abuse .', 'Fiction is the classification for any story or similar work derived from imagination -- in other words , not based strictly on history or fact .']",SUPPORTS,"A Serbian Film -LRB- Српски филм , Srpski film -RRB- is a 2010 Serbian horror film produced and directed by Srđan Spasojević , in his feature film debut .|It tells the story of a financially struggling porn star who agrees to participate in an `` art film '' , only to discover that he has been drafted into a snuff film with child rape and necrophiliac themes .|The film has been banned in Spain , Germany , Australia , New Zealand , Malaysia , Singapore , Norway , and South Korea , and was temporarily banned from screening in Brazil .|Upon its debut on the art film circuit , the film received substantial attention for its graphic depictions of rape , necrophilia and child sexual abuse .|Fiction is the classification for any story or similar work derived from imagination -- in other words , not based strictly on history or fact ."
Chris Hemsworth appeared in A Perfect Getaway.,"['Hemsworth has also appeared in the science fiction action film Star Trek -LRB- 2009 -RRB- , the thriller adventure A Perfect Getaway -LRB- 2009 -RRB- , the horror comedy The Cabin in the Woods -LRB- 2012 -RRB- , the dark-fantasy action film Snow White and the Huntsman -LRB- 2012 -RRB- , the war film Red Dawn -LRB- 2012 -RRB- , and the biographical sports drama film Rush -LRB- 2013 -RRB- .', 'A Perfect Getaway is a 2009 American adventure psychological thriller film , written and directed by David Twohy , that stars Timothy Olyphant , Milla Jovovich , Kiele Sanchez , and Steve Zahn .', 'Hemsworth will reprise his role as George Kirk in the upcoming Star Trek sequel .', 'The film was originally shot in Puerto Rico and Hawaii and was released on August 7 , 2009 , in the United States and on August 12 in the United Kingdom .', 'Chris Hemsworth -LRB- born 11 August 1983 -RRB- is an Australian actor .']",SUPPORTS,"Hemsworth has also appeared in the science fiction action film Star Trek -LRB- 2009 -RRB- , the thriller adventure A Perfect Getaway -LRB- 2009 -RRB- , the horror comedy The Cabin in the Woods -LRB- 2012 -RRB- , the dark-fantasy action film Snow White and the Huntsman -LRB- 2012 -RRB- , the war film Red Dawn -LRB- 2012 -RRB- , and the biographical sports drama film Rush -LRB- 2013 -RRB- .|A Perfect Getaway is a 2009 American adventure psychological thriller film , written and directed by David Twohy , that stars Timothy Olyphant , Milla Jovovich , Kiele Sanchez , and Steve Zahn .|Hemsworth will reprise his role as George Kirk in the upcoming Star Trek sequel .|The film was originally shot in Puerto Rico and Hawaii and was released on August 7 , 2009 , in the United States and on August 12 in the United Kingdom .|Chris Hemsworth -LRB- born 11 August 1983 -RRB- is an Australian actor ."
Selena recorded music.,"['Selena began recording professionally in 1982 .', 'The youngest child of the Quintanilla family , she debuted on the music scene in 1980 as a member of the band Selena y Los Dinos , which also included her elder siblings A.B. Quintanilla and Suzette Quintanilla . Selena y Los Dinos Selena y Los Dinos Suzette Quintanilla Selena y Los Dinos#Band members A.B. Quintanilla A.B.', 'Selena signed with EMI Latin in 1989 and released her self-titled debut album the same year , while her brother became her principal music producer and songwriter .', 'Music is performed with a vast range of instruments and vocal techniques ranging from singing to rapping ; there are solely instrumental pieces , solely vocal pieces -LRB- such as songs without instrumental accompaniment -RRB- and pieces that combine singing and instruments .', 'The music industry includes the individuals who create new songs and musical pieces -LRB- such as songwriters and composers -RRB- , individuals who perform music -LRB- which include orchestra , jazz band and rock band musicians , singers and conductors -RRB- , individuals who record music -LRB- music producers and sound engineers -RRB- , individuals who organize concert tours , and individuals who sell recordings and sheet music and scores to customers .']",SUPPORTS,"Selena began recording professionally in 1982 .|The youngest child of the Quintanilla family , she debuted on the music scene in 1980 as a member of the band Selena y Los Dinos , which also included her elder siblings A.B. Quintanilla and Suzette Quintanilla . Selena y Los Dinos Selena y Los Dinos Suzette Quintanilla Selena y Los Dinos#Band members A.B. Quintanilla A.B.|Selena signed with EMI Latin in 1989 and released her self-titled debut album the same year , while her brother became her principal music producer and songwriter .|Music is performed with a vast range of instruments and vocal techniques ranging from singing to rapping ; there are solely instrumental pieces , solely vocal pieces -LRB- such as songs without instrumental accompaniment -RRB- and pieces that combine singing and instruments .|The music industry includes the individuals who create new songs and musical pieces -LRB- such as songwriters and composers -RRB- , individuals who perform music -LRB- which include orchestra , jazz band and rock band musicians , singers and conductors -RRB- , individuals who record music -LRB- music producers and sound engineers -RRB- , individuals who organize concert tours , and individuals who sell recordings and sheet music and scores to customers ."
John Wick: Chapter 2 was theatrically released in the Oregon.,"['Oregon -LRB- -LSB- ˈɒrᵻɡən -RSB- -RRB- is a state in the Pacific Northwest region on the West coast of the United States . Pacific Pacific Time Zone state U.S.', 'The state capital , Salem , is the second most populous of its cities , with 164,549 residents , while Portland , with 632,309 residents , is the most populous , ranking as the 26th most populous city in the United States . Salem Salem, Oregon Portland Portland, Oregon state U.S.', 'Oregon is one of the most geographically diverse states in the United States , marked by volcanoes , abundant bodies of water , dense evergreen and mixed forests , as well as high deserts and semi-arid shrublands .', ""The Columbia River delineates much of Oregon 's northern boundary along Washington state , while the Snake River delineates much of its eastern boundary along Idaho . Idaho Idaho Washington Washington (state) state U.S."", 'Today , at 98,000 square miles -LRB- 255,000 km ² -RRB- , Oregon is the ninth largest and , with a population of 4 million , 27th most populous U.S. state . state U.S. state ninth largest List of U.S. states and territories by area 27th most populous List of U.S.']",NOT ENOUGH INFO,"Oregon -LRB- -LSB- ˈɒrᵻɡən -RSB- -RRB- is a state in the Pacific Northwest region on the West coast of the United States . Pacific Pacific Time Zone state U.S.|The state capital , Salem , is the second most populous of its cities , with 164,549 residents , while Portland , with 632,309 residents , is the most populous , ranking as the 26th most populous city in the United States . Salem Salem, Oregon Portland Portland, Oregon state U.S.|Oregon is one of the most geographically diverse states in the United States , marked by volcanoes , abundant bodies of water , dense evergreen and mixed forests , as well as high deserts and semi-arid shrublands .|The Columbia River delineates much of Oregon 's northern boundary along Washington state , while the Snake River delineates much of its eastern boundary along Idaho . Idaho Idaho Washington Washington (state) state U.S.|Today , at 98,000 square miles -LRB- 255,000 km ² -RRB- , Oregon is the ninth largest and , with a population of 4 million , 27th most populous U.S. state . state U.S. state ninth largest List of U.S. states and territories by area 27th most populous List of U.S."
"Robert J. O'Neill was born April 10, 1976.","['', '', ""Robert John O'Neill , -LRB- born 5 November 1936 -RRB- is an Australian historian and academic ."", 'He is Chair of the International Academic Advisory Committee at the United States Studies Centre at the University of Sydney , was director of the International Institute for Strategic Studies , based in London , from 1982 to 1987 , and Chichele Professor of the History of War at the University of Oxford from 1987 to 2000 .']",SUPPORTS,"||Robert John O'Neill , -LRB- born 5 November 1936 -RRB- is an Australian historian and academic .|He is Chair of the International Academic Advisory Committee at the United States Studies Centre at the University of Sydney , was director of the International Institute for Strategic Studies , based in London , from 1982 to 1987 , and Chichele Professor of the History of War at the University of Oxford from 1987 to 2000 ."
Afghanistan is the source of the Kushan dynasty.,"['Afghanistan -LRB- -LSB- æfˈɡænᵻstæn -RSB- Pashto/Dari : , Afġānistān -RRB- , officially the Islamic Republic of Afghanistan , is a landlocked country located within South Asia and Central Asia .', 'The Kushan Empire -LRB- Κυϸανο , Kushano ; कुषाण राजवंश Kuṣāṇ Rājavaṃśa ; BHS : ; 贵霜帝国 , Kušan-xšaθr -RRB- was a syncretic empire , formed by Yuezhi , in the Bactrian territories in the early 1st century .', 'The Kushan Empire -LRB- Κυϸανο , Kushano ; कुषाण राजवंश Kuṣāṇ Rājavaṃśa ; BHS : ; 贵霜帝国 , Kušan-xšaθr -RRB- was a syncretic empire , formed by Yuezhi , in the Bactrian territories in the early 1st century .', 'The Source is a United States-based monthly full-color magazine covering hip-hop music , politics , and culture , founded in 1988 .', 'The Kushans were one of five branches of the Yuezhi confederation , a possibly Iranic or Tocharian , Indo-European nomadic people who migrated from Gansu and settled in ancient Bactria .']",NOT ENOUGH INFO,"Afghanistan -LRB- -LSB- æfˈɡænᵻstæn -RSB- Pashto/Dari : , Afġānistān -RRB- , officially the Islamic Republic of Afghanistan , is a landlocked country located within South Asia and Central Asia .|The Kushan Empire -LRB- Κυϸανο , Kushano ; कुषाण राजवंश Kuṣāṇ Rājavaṃśa ; BHS : ; 贵霜帝国 , Kušan-xšaθr -RRB- was a syncretic empire , formed by Yuezhi , in the Bactrian territories in the early 1st century .|The Kushan Empire -LRB- Κυϸανο , Kushano ; कुषाण राजवंश Kuṣāṇ Rājavaṃśa ; BHS : ; 贵霜帝国 , Kušan-xšaθr -RRB- was a syncretic empire , formed by Yuezhi , in the Bactrian territories in the early 1st century .|The Source is a United States-based monthly full-color magazine covering hip-hop music , politics , and culture , founded in 1988 .|The Kushans were one of five branches of the Yuezhi confederation , a possibly Iranic or Tocharian , Indo-European nomadic people who migrated from Gansu and settled in ancient Bactria ."
Marilyn Monroe worked with Warner Brothers.,"['Pictures and for a time trading as Warner Brothers Pictures , Inc. -RRB- is an American entertainment company , film studio and film distributor that is a division of Time Warner and is headquartered in Burbank , California .', 'When the studio was still reluctant to change her contract , Monroe founded a film production company in late 1954 ; she named it Marilyn Monroe Productions -LRB- MMP -RRB- .', 'Born and raised in Los Angeles , Monroe spent most of her childhood in foster homes and an orphanage and married at the age of sixteen .', ""By 1953 , Monroe was one of the most marketable Hollywood stars , with leading roles in three films : the noir Niagara , which focused on her sex appeal , and the comedies Gentlemen Prefer Blondes and How to Marry a Millionaire , which established her star image as a `` dumb blonde '' ."", 'While working in a factory in 1944 as part of the war effort , she was introduced to a photographer from the First Motion Picture Unit and began a successful pin-up modeling career .']",NOT ENOUGH INFO,"Pictures and for a time trading as Warner Brothers Pictures , Inc. -RRB- is an American entertainment company , film studio and film distributor that is a division of Time Warner and is headquartered in Burbank , California .|When the studio was still reluctant to change her contract , Monroe founded a film production company in late 1954 ; she named it Marilyn Monroe Productions -LRB- MMP -RRB- .|Born and raised in Los Angeles , Monroe spent most of her childhood in foster homes and an orphanage and married at the age of sixteen .|By 1953 , Monroe was one of the most marketable Hollywood stars , with leading roles in three films : the noir Niagara , which focused on her sex appeal , and the comedies Gentlemen Prefer Blondes and How to Marry a Millionaire , which established her star image as a `` dumb blonde '' .|While working in a factory in 1944 as part of the war effort , she was introduced to a photographer from the First Motion Picture Unit and began a successful pin-up modeling career ."
The Silence of the Lambs was a film starring Scott Glenn.,"['The Lambs , Inc. -LRB- aka The Lambs Club -RRB- is a social club in New York City for actors , songwriters , and others involved in the theater .', 'Theodore Scott Glenn -LRB- born January 26 , 1941 -RRB- , better known as Scott Glenn , is an American actor .', 'Theodore Scott Glenn -LRB- born January 26 , 1941 -RRB- , better known as Scott Glenn , is an American actor .', '', '']",SUPPORTS,"The Lambs , Inc. -LRB- aka The Lambs Club -RRB- is a social club in New York City for actors , songwriters , and others involved in the theater .|Theodore Scott Glenn -LRB- born January 26 , 1941 -RRB- , better known as Scott Glenn , is an American actor .|Theodore Scott Glenn -LRB- born January 26 , 1941 -RRB- , better known as Scott Glenn , is an American actor .||"
Peggy Sue Got Married is a Egyptian film released in 1986.,"['Peggy Sue Got Married is a 1986 American comedy-drama film directed by Francis Ford Coppola starring Kathleen Turner as a woman on the verge of a divorce , who finds herself transported back to the days of her senior year in high school in 1960 .', 'Peggy Sue Got Married is a 1986 American comedy-drama film directed by Francis Ford Coppola starring Kathleen Turner as a woman on the verge of a divorce , who finds herself transported back to the days of her senior year in high school in 1960 .', 'The film was written by husband and wife team Jerry Leichtling and Arlene Sarner .', 'The film was written by husband and wife team Jerry Leichtling and Arlene Sarner .', ""`` Walk Like an Egyptian '' is a song made famous by American band The Bangles .""]",REFUTES,"Peggy Sue Got Married is a 1986 American comedy-drama film directed by Francis Ford Coppola starring Kathleen Turner as a woman on the verge of a divorce , who finds herself transported back to the days of her senior year in high school in 1960 .|Peggy Sue Got Married is a 1986 American comedy-drama film directed by Francis Ford Coppola starring Kathleen Turner as a woman on the verge of a divorce , who finds herself transported back to the days of her senior year in high school in 1960 .|The film was written by husband and wife team Jerry Leichtling and Arlene Sarner .|The film was written by husband and wife team Jerry Leichtling and Arlene Sarner .|`` Walk Like an Egyptian '' is a song made famous by American band The Bangles ."
Andy Roddick lost 5 Master Series between 2002 and 2010.,"['In 2015 , Roddick played for the Austin Aces in World Team Tennis .', 'Roddick reached four other Grand Slam finals -LRB- Wimbledon in 2004 , 2005 , and 2009 , and the US Open in 2006 -RRB- , losing to Roger Federer every time .', ""Roddick was ranked in the top 10 for nine consecutive years between 2002 and 2010 , at year 's end , and won five Masters Series in that period ."", 'On August 30 , 2012 , during the 2012 US Open and on his 30th birthday , Roddick announced that he would retire after the tournament .', 'Following a fourth-round defeat by Juan Martín del Potro , Roddick retired from the sport with the aim of focusing on his foundation , the Andy Roddick Foundation , in future years .']",REFUTES,"In 2015 , Roddick played for the Austin Aces in World Team Tennis .|Roddick reached four other Grand Slam finals -LRB- Wimbledon in 2004 , 2005 , and 2009 , and the US Open in 2006 -RRB- , losing to Roger Federer every time .|Roddick was ranked in the top 10 for nine consecutive years between 2002 and 2010 , at year 's end , and won five Masters Series in that period .|On August 30 , 2012 , during the 2012 US Open and on his 30th birthday , Roddick announced that he would retire after the tournament .|Following a fourth-round defeat by Juan Martín del Potro , Roddick retired from the sport with the aim of focusing on his foundation , the Andy Roddick Foundation , in future years ."
"As the Vietnam War raged in 1969, Yoko Ono and her husband John Lennon did not have two week-long Bed-Ins for Peace.","['The North Vietnamese army was supported by the Soviet Union , China and other communist allies and the South Vietnamese army was supported by the United States , South Korea , Australia , Thailand and other anti-communist allies .', 'With their performance Bed-Ins for Peace in Amsterdam and Montreal in 1969 , Ono and Lennon famously used their honeymoon at the Hilton Amsterdam as a stage for public protests against the Vietnam War .', 'She is the second wife and widow of singer-songwriter John Lennon of the Beatles .', ""In 1968 , John left her for Japanese avant-garde conceptual artist Yoko Ono and as a result , the couple 's divorce was legally granted on 8 November 1968 on the grounds of John 's adultery with Ono ."", 'She first met Lennon in 1966 at her own art exhibition in London , and they became a couple in 1968 .']",REFUTES,"The North Vietnamese army was supported by the Soviet Union , China and other communist allies and the South Vietnamese army was supported by the United States , South Korea , Australia , Thailand and other anti-communist allies .|With their performance Bed-Ins for Peace in Amsterdam and Montreal in 1969 , Ono and Lennon famously used their honeymoon at the Hilton Amsterdam as a stage for public protests against the Vietnam War .|She is the second wife and widow of singer-songwriter John Lennon of the Beatles .|In 1968 , John left her for Japanese avant-garde conceptual artist Yoko Ono and as a result , the couple 's divorce was legally granted on 8 November 1968 on the grounds of John 's adultery with Ono .|She first met Lennon in 1966 at her own art exhibition in London , and they became a couple in 1968 ."
Tupac Shakur was born Lesane Parish Crooks.,"['Tupac Amaru Shakur -LRB- -LSB- ˈtuːpɑːk_ʃəˈkʊər -RSB- ; born Lesane Parish Crooks ; June 16 , 1971September 13 , 1996 -RRB- , also known by his stage names 2Pac , Makaveli , and Pac , was an American rapper , record producer , actor , and poet .', 'Tupac Amaru Shakur -LRB- -LSB- ˈtuːpɑːk_ʃəˈkʊər -RSB- ; born Lesane Parish Crooks ; June 16 , 1971September 13 , 1996 -RRB- , also known by his stage names 2Pac , Makaveli , and Pac , was an American rapper , record producer , actor , and poet .', 'Shakur began his career as a roadie , backup dancer , and MC for the alternative hip hop group Digital Underground , eventually branching off as a solo artist .', 'Shakur began his career as a roadie , backup dancer , and MC for the alternative hip hop group Digital Underground , eventually branching off as a solo artist .', 'On September 7 , 1996 , Shakur was fatally shot in a drive-by shooting at the intersection of Flamingo Road and Koval Lane in Las Vegas , Nevada .']",SUPPORTS,"Tupac Amaru Shakur -LRB- -LSB- ˈtuːpɑːk_ʃəˈkʊər -RSB- ; born Lesane Parish Crooks ; June 16 , 1971September 13 , 1996 -RRB- , also known by his stage names 2Pac , Makaveli , and Pac , was an American rapper , record producer , actor , and poet .|Tupac Amaru Shakur -LRB- -LSB- ˈtuːpɑːk_ʃəˈkʊər -RSB- ; born Lesane Parish Crooks ; June 16 , 1971September 13 , 1996 -RRB- , also known by his stage names 2Pac , Makaveli , and Pac , was an American rapper , record producer , actor , and poet .|Shakur began his career as a roadie , backup dancer , and MC for the alternative hip hop group Digital Underground , eventually branching off as a solo artist .|Shakur began his career as a roadie , backup dancer , and MC for the alternative hip hop group Digital Underground , eventually branching off as a solo artist .|On September 7 , 1996 , Shakur was fatally shot in a drive-by shooting at the intersection of Flamingo Road and Koval Lane in Las Vegas , Nevada ."
Harold Ramis was a veteran.,"['Harold Allen Ramis -LRB- November 21 , 1944 -- February 24 , 2014 -RRB- was an American actor , director , writer , and comedian .', ""A veteran -LRB- from Latin vetus , meaning `` old '' -RRB- is a person who has had long service or experience in a particular occupation or field ."", ""Ramis was the original head writer of the television series SCTV , on which he also performed , as well as a co-writer of Groundhog Day and National Lampoon 's Animal House -LRB- 1978 -RRB- ."", 'Those veterans that have had direct exposure to acts of military conflict may also be referred to as war veterans -LRB- although not all military conflicts , or areas in which armed combat takes place , are necessarily referred to as wars -RRB- .', 'He won the BAFTA Award for Best Original Screenplay for Groundhog Day .']",NOT ENOUGH INFO,"Harold Allen Ramis -LRB- November 21 , 1944 -- February 24 , 2014 -RRB- was an American actor , director , writer , and comedian .|A veteran -LRB- from Latin vetus , meaning `` old '' -RRB- is a person who has had long service or experience in a particular occupation or field .|Ramis was the original head writer of the television series SCTV , on which he also performed , as well as a co-writer of Groundhog Day and National Lampoon 's Animal House -LRB- 1978 -RRB- .|Those veterans that have had direct exposure to acts of military conflict may also be referred to as war veterans -LRB- although not all military conflicts , or areas in which armed combat takes place , are necessarily referred to as wars -RRB- .|He won the BAFTA Award for Best Original Screenplay for Groundhog Day ."
"The Jim Henson Company produced The Muppet Movie, The Dark Crystal, and Labyrinth.","['The Dark Crystal is a 1982 American -- British fantasy adventure film directed by Jim Henson and Frank Oz and stars the voices of Stephen Garlick , Lisa Maxwell , Billie Whitelaw , and Percy Edwards .', 'The Dark Crystal is a 1982 American -- British fantasy adventure film directed by Jim Henson and Frank Oz and stars the voices of Stephen Garlick , Lisa Maxwell , Billie Whitelaw , and Percy Edwards .', 'The Dark Crystal is a 1982 American -- British fantasy adventure film directed by Jim Henson and Frank Oz and stars the voices of Stephen Garlick , Lisa Maxwell , Billie Whitelaw , and Percy Edwards .', ""The Jim Henson Company -LRB- also known at various times as Muppets , LLC. , Henson Associates , Ltd. , and Jim Henson Productions , Inc. -RRB- is an American entertainment company , a leading producer of children 's and family entertainment -LRB- despite some of the company 's works containing mature content -RRB- , and best known as the creators of the renowned Muppets characters ."", 'The Muppet Movie is a 1979 British-American musical road comedy film and the first theatrical film featuring the Muppets .']",SUPPORTS,"The Dark Crystal is a 1982 American -- British fantasy adventure film directed by Jim Henson and Frank Oz and stars the voices of Stephen Garlick , Lisa Maxwell , Billie Whitelaw , and Percy Edwards .|The Dark Crystal is a 1982 American -- British fantasy adventure film directed by Jim Henson and Frank Oz and stars the voices of Stephen Garlick , Lisa Maxwell , Billie Whitelaw , and Percy Edwards .|The Dark Crystal is a 1982 American -- British fantasy adventure film directed by Jim Henson and Frank Oz and stars the voices of Stephen Garlick , Lisa Maxwell , Billie Whitelaw , and Percy Edwards .|The Jim Henson Company -LRB- also known at various times as Muppets , LLC. , Henson Associates , Ltd. , and Jim Henson Productions , Inc. -RRB- is an American entertainment company , a leading producer of children 's and family entertainment -LRB- despite some of the company 's works containing mature content -RRB- , and best known as the creators of the renowned Muppets characters .|The Muppet Movie is a 1979 British-American musical road comedy film and the first theatrical film featuring the Muppets ."
United Nations was relocated to the United States in 1945.,"['The United States of America -LRB- USA -RRB- , commonly known as the United States -LRB- U.S. -RRB- or America , is a constitutional federal republic composed of 50 states , a federal district , five major self-governing territories , and various possessions . territories Territories of the United States constitutional constitutional federal republic federal republic states U.S. state federal district Washington, D.C.', 'The state of Hawaii is an archipelago in the mid-Pacific Ocean .', 'The United States embarked on a vigorous expansion across North America throughout the 19th century , displacing Native American tribes , acquiring new territories , and gradually admitting new states until it spanned the continent by 1848 . North North America territories Territories of the United States Native Native Americans in the United States American Americans states U.S. state North America North America displacing Native American tribes American Indian Wars acquiring new territories United States territorial acquisitions admitting new states List of U.S.', ""The United States is a highly developed country , with the world 's largest economy by nominal GDP and second-largest economy by PPP ."", 'The state of Alaska is in the northwest corner of North America , bordered by Canada to the east and across the Bering Strait from Russia to the west .']",NOT ENOUGH INFO,"The United States of America -LRB- USA -RRB- , commonly known as the United States -LRB- U.S. -RRB- or America , is a constitutional federal republic composed of 50 states , a federal district , five major self-governing territories , and various possessions . territories Territories of the United States constitutional constitutional federal republic federal republic states U.S. state federal district Washington, D.C.|The state of Hawaii is an archipelago in the mid-Pacific Ocean .|The United States embarked on a vigorous expansion across North America throughout the 19th century , displacing Native American tribes , acquiring new territories , and gradually admitting new states until it spanned the continent by 1848 . North North America territories Territories of the United States Native Native Americans in the United States American Americans states U.S. state North America North America displacing Native American tribes American Indian Wars acquiring new territories United States territorial acquisitions admitting new states List of U.S.|The United States is a highly developed country , with the world 's largest economy by nominal GDP and second-largest economy by PPP .|The state of Alaska is in the northwest corner of North America , bordered by Canada to the east and across the Bering Strait from Russia to the west ."
Whoopi Goldberg co-produced an American dance tournament.,"['In the romantic fantasy film Ghost -LRB- 1990 -RRB- , Goldberg played Oda Mae Brown , an eccentric psychic who helped a slain man -LRB- Patrick Swayze -RRB- save his lover -LRB- Demi Moore -RRB- , for which she won the Academy Award for Best Supporting Actress .', 'Caryn Elaine Johnson -LRB- born November 13 , 1955 -RRB- , known professionally as Whoopi Goldberg -LRB- -LSB- ˈwhʊpi -RSB- -RRB- , is an American actress , comedian , author and television host .', 'Since 2007 , she has been the moderator of the daytime television talk show The View . television television The View The View (U.S.', 'African-American dance has developed within Black American communities in everyday spaces , rather than in studios , schools or companies .', 'She has been nominated for 13 Emmy Awards for her work in television and is one of the few entertainers who have won an Emmy Award , a Grammy Award , an Oscar , and a Tony Award .']",NOT ENOUGH INFO,"In the romantic fantasy film Ghost -LRB- 1990 -RRB- , Goldberg played Oda Mae Brown , an eccentric psychic who helped a slain man -LRB- Patrick Swayze -RRB- save his lover -LRB- Demi Moore -RRB- , for which she won the Academy Award for Best Supporting Actress .|Caryn Elaine Johnson -LRB- born November 13 , 1955 -RRB- , known professionally as Whoopi Goldberg -LRB- -LSB- ˈwhʊpi -RSB- -RRB- , is an American actress , comedian , author and television host .|Since 2007 , she has been the moderator of the daytime television talk show The View . television television The View The View (U.S.|African-American dance has developed within Black American communities in everyday spaces , rather than in studios , schools or companies .|She has been nominated for 13 Emmy Awards for her work in television and is one of the few entertainers who have won an Emmy Award , a Grammy Award , an Oscar , and a Tony Award ."
Slovenia uses the euro.,"['Slovenia -LRB- -LSB- sloʊˈviːniə , _ slə - , _ - njə -RSB- ; Slovenija -LSB- slɔˈʋéːnija -RSB- -RRB- , officially the Republic of Slovenia -LRB- Slovene : , abbr. : RS -RRB- , is a nation state in southern Central Europe , located at the crossroads of main European cultural and trade routes .', 'The euro -LRB- sign : $ ; code : EUR -RRB- is the official currency of the eurozone , which consists of 19 of the member states of the European Union : Austria , Belgium , Cyprus , Estonia , Finland , France , Germany , Greece , Ireland , Italy , Latvia , Lithuania , Luxembourg , Malta , the Netherlands , Portugal , Slovakia , Slovenia , and Spain .', 'The euro is the second largest reserve currency as well as the second most traded currency in the world after the United States dollar .', 'The euro was introduced to world financial markets as an accounting currency on 1 January 1999 , replacing the former European Currency Unit -LRB- ECU -RRB- at a ratio of 1:1 -LRB- US$ 1.1743 -RRB- .', 'In 2004 , it entered NATO and the European Union ; in 2007 became the first formerly communist country to join the Eurozone ; and in 2010 joined the OECD , a global association of high-income developed countries .']",SUPPORTS,"Slovenia -LRB- -LSB- sloʊˈviːniə , _ slə - , _ - njə -RSB- ; Slovenija -LSB- slɔˈʋéːnija -RSB- -RRB- , officially the Republic of Slovenia -LRB- Slovene : , abbr. : RS -RRB- , is a nation state in southern Central Europe , located at the crossroads of main European cultural and trade routes .|The euro -LRB- sign : $ ; code : EUR -RRB- is the official currency of the eurozone , which consists of 19 of the member states of the European Union : Austria , Belgium , Cyprus , Estonia , Finland , France , Germany , Greece , Ireland , Italy , Latvia , Lithuania , Luxembourg , Malta , the Netherlands , Portugal , Slovakia , Slovenia , and Spain .|The euro is the second largest reserve currency as well as the second most traded currency in the world after the United States dollar .|The euro was introduced to world financial markets as an accounting currency on 1 January 1999 , replacing the former European Currency Unit -LRB- ECU -RRB- at a ratio of 1:1 -LRB- US$ 1.1743 -RRB- .|In 2004 , it entered NATO and the European Union ; in 2007 became the first formerly communist country to join the Eurozone ; and in 2010 joined the OECD , a global association of high-income developed countries ."
Iowa is a part of the Midwestern United States.,"['Its capital and largest city by population is Des Moines . Des Moines Des Moines, Iowa capital List of capitals in the United States largest city by population List of U.S.', 'Iowa is the 26th most extensive in land area and the 30th most populous of the 50 United States . United States United States 26th most extensive List of U.S. states and territories by area 30th most populous List of U.S.', 'Chicago and its suburbs form the largest metropolitan statistical area with 9.8 million people , followed by Metro Detroit , Minneapolis -- St. Paul , Greater St. Louis , Greater Cleveland , Greater Cincinnati -LRB- without the Kentucky portion -RRB- , Kansas City metro area , and the Columbus metro area . Kansas Kansas Chicago Chicago Columbus Columbus, Ohio Detroit Detroit Kansas City Kansas City, Missouri Minneapolis Minneapolis Cleveland Cleveland St. Louis St. Louis, Missouri Chicago and its suburbs Chicago metropolitan area metropolitan statistical area metropolitan statistical area Metro Detroit Metro Detroit Greater St. Louis Greater St.', 'Chicago and its suburbs form the largest metropolitan statistical area with 9.8 million people , followed by Metro Detroit , Minneapolis -- St. Paul , Greater St. Louis , Greater Cleveland , Greater Cincinnati -LRB- without the Kentucky portion -RRB- , Kansas City metro area , and the Columbus metro area . Kansas Kansas Chicago Chicago Columbus Columbus, Ohio Detroit Detroit Kansas City Kansas City, Missouri Minneapolis Minneapolis Cleveland Cleveland St. Louis St. Louis, Missouri Chicago and its suburbs Chicago metropolitan area metropolitan statistical area metropolitan statistical area Metro Detroit Metro Detroit Greater St. Louis Greater St.', 'Surrounding states include Wisconsin and Illinois to the east , Missouri to the south , Nebraska and South Dakota to the west , and Minnesota to the north .']",SUPPORTS,"Its capital and largest city by population is Des Moines . Des Moines Des Moines, Iowa capital List of capitals in the United States largest city by population List of U.S.|Iowa is the 26th most extensive in land area and the 30th most populous of the 50 United States . United States United States 26th most extensive List of U.S. states and territories by area 30th most populous List of U.S.|Chicago and its suburbs form the largest metropolitan statistical area with 9.8 million people , followed by Metro Detroit , Minneapolis -- St. Paul , Greater St. Louis , Greater Cleveland , Greater Cincinnati -LRB- without the Kentucky portion -RRB- , Kansas City metro area , and the Columbus metro area . Kansas Kansas Chicago Chicago Columbus Columbus, Ohio Detroit Detroit Kansas City Kansas City, Missouri Minneapolis Minneapolis Cleveland Cleveland St. Louis St. Louis, Missouri Chicago and its suburbs Chicago metropolitan area metropolitan statistical area metropolitan statistical area Metro Detroit Metro Detroit Greater St. Louis Greater St.|Chicago and its suburbs form the largest metropolitan statistical area with 9.8 million people , followed by Metro Detroit , Minneapolis -- St. Paul , Greater St. Louis , Greater Cleveland , Greater Cincinnati -LRB- without the Kentucky portion -RRB- , Kansas City metro area , and the Columbus metro area . Kansas Kansas Chicago Chicago Columbus Columbus, Ohio Detroit Detroit Kansas City Kansas City, Missouri Minneapolis Minneapolis Cleveland Cleveland St. Louis St. Louis, Missouri Chicago and its suburbs Chicago metropolitan area metropolitan statistical area metropolitan statistical area Metro Detroit Metro Detroit Greater St. Louis Greater St.|Surrounding states include Wisconsin and Illinois to the east , Missouri to the south , Nebraska and South Dakota to the west , and Minnesota to the north ."
Keith Urban is a person who sings.,"['Urban has released a total of nine studio albums -LRB- one of which was released only in the United Kingdom -RRB- , as well as one album with The Ranch .', 'Urban is also known for his roles as a coach on the Australian version of the singing competition The Voice and as a judge on American Idol .', 'Still signed to Capitol , Urban made his solo American debut in 1999 with a second eponymous album .', 'Keith Lionel Urban -LRB- born 26 October 1967 -RRB- is a New Zealand-born Australian country musician .', 'Since 2006 , he has been married to actress Nicole Kidman .']",NOT ENOUGH INFO,"Urban has released a total of nine studio albums -LRB- one of which was released only in the United Kingdom -RRB- , as well as one album with The Ranch .|Urban is also known for his roles as a coach on the Australian version of the singing competition The Voice and as a judge on American Idol .|Still signed to Capitol , Urban made his solo American debut in 1999 with a second eponymous album .|Keith Lionel Urban -LRB- born 26 October 1967 -RRB- is a New Zealand-born Australian country musician .|Since 2006 , he has been married to actress Nicole Kidman ."
Hotell is owned by Lisa Langseth.,"['Hotell is a 2013 Swedish drama film written and directed by Lisa Langseth .', 'Lisa Langseth -LRB- born April 20 , 1975 -RRB- is a Swedish screenwriter and film director .', 'The film received four nominations at the 49th Guldbagge Awards : Best Script , Lisa Langseth , Best Supporting Actress , Anna Bjelkerud and Mira Eklund and Best Supporting Actor , David Dencik .', '', '']",NOT ENOUGH INFO,"Hotell is a 2013 Swedish drama film written and directed by Lisa Langseth .|Lisa Langseth -LRB- born April 20 , 1975 -RRB- is a Swedish screenwriter and film director .|The film received four nominations at the 49th Guldbagge Awards : Best Script , Lisa Langseth , Best Supporting Actress , Anna Bjelkerud and Mira Eklund and Best Supporting Actor , David Dencik .||"
Saratoga is an American film from 1937.,"['', '', '', 'Saratoga may refer to :', 'The year 1937 in film involved some significant events , including the Walt Disney production of the first American full-length animated film , Snow White and the Seven Dwarfs .']",SUPPORTS,"|||Saratoga may refer to :|The year 1937 in film involved some significant events , including the Walt Disney production of the first American full-length animated film , Snow White and the Seven Dwarfs ."
J. Howard Marshall was a baby.,"['Marshall was married to Anna Nicole Smith during the last 14 months of his life .', 'James Howard Marshall II -LRB- January 24 , 1905 -- August 4 , 1995 -RRB- was an American businessman , academic , attorney , and government official .', ""`` Baby-Baby-Baby '' is a song by the group TLC ."", 'His estate became the subject of protracted litigation which was reviewed by the Supreme Court in Marshall v. Marshall and Stern v. Marshall . Marshall v. Marshall Marshall v. Marshall Stern v. Marshall Stern v.', '']",SUPPORTS,"Marshall was married to Anna Nicole Smith during the last 14 months of his life .|James Howard Marshall II -LRB- January 24 , 1905 -- August 4 , 1995 -RRB- was an American businessman , academic , attorney , and government official .|`` Baby-Baby-Baby '' is a song by the group TLC .|His estate became the subject of protracted litigation which was reviewed by the Supreme Court in Marshall v. Marshall and Stern v. Marshall . Marshall v. Marshall Marshall v. Marshall Stern v. Marshall Stern v.|"
Grace Jones is a dancer.,"['Grace Jones -LRB- born 19 May 1948 -RRB- is a Jamaican born singer , songwriter , lyricist , supermodel , record producer , and actress .', ""In 1999 , Jones ranked 82nd on VH1 's 100 Greatest Women of Rock and Roll , and in 2008 , she was honored with a Q Idol Award ."", 'Jones appeared in some low-budget films in the US during the 1970s and early 1980s .', 'In December 2016 , Billboard magazine ranked her as the 40th most successful dance artist of all time .', 'Jones began her modelling career in New York state , then in Paris , working for fashion houses such as Yves St. Laurent and Kenzo , and appearing on the covers of Elle and Vogue . modelling Model (person) Paris Paris Yves St.']",REFUTES,"Grace Jones -LRB- born 19 May 1948 -RRB- is a Jamaican born singer , songwriter , lyricist , supermodel , record producer , and actress .|In 1999 , Jones ranked 82nd on VH1 's 100 Greatest Women of Rock and Roll , and in 2008 , she was honored with a Q Idol Award .|Jones appeared in some low-budget films in the US during the 1970s and early 1980s .|In December 2016 , Billboard magazine ranked her as the 40th most successful dance artist of all time .|Jones began her modelling career in New York state , then in Paris , working for fashion houses such as Yves St. Laurent and Kenzo , and appearing on the covers of Elle and Vogue . modelling Model (person) Paris Paris Yves St."
Lisbon has a population larger than 1.,"['Lisbon -LRB- -LSB- ˈlɪzbən -RSB- Lisboa , -LSB- liʒˈβoɐ -RSB- -RRB- is the capital and the largest city of Portugal , with a population of 552,700 within its administrative limits in an area of 100.05 km ² .', ""About 2.8 million people live in the Lisbon Metropolitan Area -LRB- which represents approximately 27 % of the country 's population -RRB- ."", ""Unlike most capital cities , Lisbon 's status as the capital of Portugal has never been granted or confirmed officially -- by statute or in written form ."", 'Lisbon is recognised as a global city because of its importance in finance , commerce , media , entertainment , arts , international trade , education and tourism .', 'The Lisbon region contributes with a higher GDP PPP per capita than any other region in Portugal .']",SUPPORTS,"Lisbon -LRB- -LSB- ˈlɪzbən -RSB- Lisboa , -LSB- liʒˈβoɐ -RSB- -RRB- is the capital and the largest city of Portugal , with a population of 552,700 within its administrative limits in an area of 100.05 km ² .|About 2.8 million people live in the Lisbon Metropolitan Area -LRB- which represents approximately 27 % of the country 's population -RRB- .|Unlike most capital cities , Lisbon 's status as the capital of Portugal has never been granted or confirmed officially -- by statute or in written form .|Lisbon is recognised as a global city because of its importance in finance , commerce , media , entertainment , arts , international trade , education and tourism .|The Lisbon region contributes with a higher GDP PPP per capita than any other region in Portugal ."
Willie Nelson dropped out of college after three years.,"['Nelson made his first movie appearance in the 1979 film The Electric Horseman , followed by other appearances in movies and on television .', 'Born during the Great Depression , and raised by his grandparents , Nelson wrote his first song at age seven and joined his first band at ten .', 'After his return , Nelson attended Baylor University for two years but dropped out because he was succeeding in music .', 'In 1973 , after signing with Atlantic Records , Nelson turned to outlaw country , including albums such as Shotgun Willie and Phases and Stages .', 'After graduating from high school in 1950 , he joined the Air Force but was later discharged due to back problems .']",REFUTES,"Nelson made his first movie appearance in the 1979 film The Electric Horseman , followed by other appearances in movies and on television .|Born during the Great Depression , and raised by his grandparents , Nelson wrote his first song at age seven and joined his first band at ten .|After his return , Nelson attended Baylor University for two years but dropped out because he was succeeding in music .|In 1973 , after signing with Atlantic Records , Nelson turned to outlaw country , including albums such as Shotgun Willie and Phases and Stages .|After graduating from high school in 1950 , he joined the Air Force but was later discharged due to back problems ."
Malcolm Young was the co-founder of Australian hard rock band AC/DC.,"['Young took a leave of absence from AC/DC in April 2014 , to receive treatment for dementia .', 'Though his younger brother Angus is the more visible of the brothers , Malcolm has been described as the driving force and the leader of the band .', 'Malcolm Mitchell Young -LRB- born 6 January 1953 -RRB- is an Australian retired musician and songwriter , best known as a co-founder , rhythm guitarist , backing vocalist and songwriter for the hard rock band AC/DC .', 'Except for a brief absence in 1988 , he was with the band from its November 1973 beginning until retiring permanently in 2014 , due to health reasons .', 'He is married to Linda Young and has two children , Cara and Ross .']",SUPPORTS,"Young took a leave of absence from AC/DC in April 2014 , to receive treatment for dementia .|Though his younger brother Angus is the more visible of the brothers , Malcolm has been described as the driving force and the leader of the band .|Malcolm Mitchell Young -LRB- born 6 January 1953 -RRB- is an Australian retired musician and songwriter , best known as a co-founder , rhythm guitarist , backing vocalist and songwriter for the hard rock band AC/DC .|Except for a brief absence in 1988 , he was with the band from its November 1973 beginning until retiring permanently in 2014 , due to health reasons .|He is married to Linda Young and has two children , Cara and Ross ."
Nice & Slow is a jazz single.,"[""`` Nice & Slow '' is a 1998 single from Usher 's second album My Way ."", 'Jazz has roots in West African cultural and musical expression , and in African-American music traditions including blues and ragtime , as well as European military band music .', 'Jazz is a music genre that originated in African American communities of New Orleans , United States , in the late 19th and early 20th centuries , and developed from roots in blues and ragtime .', 'Modal jazz developed in the late 1950s , using the mode , or musical scale , as the basis of musical structure and improvisation .', 'New Orleans jazz began in the early 1910s , combining earlier brass-band marches , French quadrilles , biguine , ragtime and blues with collective polyphonic improvisation .']",NOT ENOUGH INFO,"`` Nice & Slow '' is a 1998 single from Usher 's second album My Way .|Jazz has roots in West African cultural and musical expression , and in African-American music traditions including blues and ragtime , as well as European military band music .|Jazz is a music genre that originated in African American communities of New Orleans , United States , in the late 19th and early 20th centuries , and developed from roots in blues and ragtime .|Modal jazz developed in the late 1950s , using the mode , or musical scale , as the basis of musical structure and improvisation .|New Orleans jazz began in the early 1910s , combining earlier brass-band marches , French quadrilles , biguine , ragtime and blues with collective polyphonic improvisation ."
Newfoundland and Labrador is the most linguistically homogeneous of Canada.,"['Newfoundland and Labrador -LRB- -LSB- uːfənˈlænd_ən_ˈlæbrədɔːr -RSB- , Terre-Neuve-et-Labrador Akamassiss Newfoundland Irish : Talamh an Éisc agus Labradar -RRB- is the most easterly province of Canada .', ""The province is Canada 's most linguistically homogeneous , with 97.6 % of residents reporting English -LRB- Newfoundland English -RRB- as their mother tongue in the 2006 census ."", ""Newfoundland and Labrador 's capital and largest city , St. John 's , is Canada 's 20th-largest census metropolitan area and is home to almost 40 percent of the province 's population ."", 'Canada is a Commonwealth realm member of the Commonwealth of Nations , a member of the Francophonie , and part of several major international and intergovernmental institutions or groupings including the United Nations , the North Atlantic Treaty Organization , the G8 , the Group of Ten , the G20 , the North American Free Trade Agreement and the Asia-Pacific Economic Cooperation forum .', ""Situated in the country 's Atlantic region , it comprises the island of Newfoundland and mainland Labrador to the northwest , with a combined area of 405212 km2 .""]",SUPPORTS,"Newfoundland and Labrador -LRB- -LSB- uːfənˈlænd_ən_ˈlæbrədɔːr -RSB- , Terre-Neuve-et-Labrador Akamassiss Newfoundland Irish : Talamh an Éisc agus Labradar -RRB- is the most easterly province of Canada .|The province is Canada 's most linguistically homogeneous , with 97.6 % of residents reporting English -LRB- Newfoundland English -RRB- as their mother tongue in the 2006 census .|Newfoundland and Labrador 's capital and largest city , St. John 's , is Canada 's 20th-largest census metropolitan area and is home to almost 40 percent of the province 's population .|Canada is a Commonwealth realm member of the Commonwealth of Nations , a member of the Francophonie , and part of several major international and intergovernmental institutions or groupings including the United Nations , the North Atlantic Treaty Organization , the G8 , the Group of Ten , the G20 , the North American Free Trade Agreement and the Asia-Pacific Economic Cooperation forum .|Situated in the country 's Atlantic region , it comprises the island of Newfoundland and mainland Labrador to the northwest , with a combined area of 405212 km2 ."
Furia is adapted from a short story by Anna Politkovskaya.,"['Furia -LRB- film -RRB- , a 1999 French romantic drama film', 'Anna Stepanovna Politkovskaya -LRB- -LSB- А́нна Степа́новна Политко́вская , p = ˈanːə sʲtʲɪˈpanəvnə pəlʲɪtˈkofskəjə -RSB- Га́нна Степа́нівна Політко́вська -LSB- ˈɦɑnːɐ steˈpɑnʲiu̯nɐ pɔlʲitˈkɔu̯sʲkɐ -RSB- née Mazepa -LSB- mɐˈzɛpɐ -RSB- 30 August 1958 -- 7 October 2006 -RRB- was a Russian journalist , writer , and human rights activist who became known in her forties for her opposition to the policies of Russian President Vladimir Putin and , in particular , his waging of the Second Chechen War -LRB- 1999-2005 -RRB- .', 'Anna Stepanovna Politkovskaya -LRB- -LSB- А́нна Степа́новна Политко́вская , p = ˈanːə sʲtʲɪˈpanəvnə pəlʲɪtˈkofskəjə -RSB- Га́нна Степа́нівна Політко́вська -LSB- ˈɦɑnːɐ steˈpɑnʲiu̯nɐ pɔlʲitˈkɔu̯sʲkɐ -RSB- née Mazepa -LSB- mɐˈzɛpɐ -RSB- 30 August 1958 -- 7 October 2006 -RRB- was a Russian journalist , writer , and human rights activist who became known in her forties for her opposition to the policies of Russian President Vladimir Putin and , in particular , his waging of the Second Chechen War -LRB- 1999-2005 -RRB- .', 'Fury -LRB- 1947 film -RRB- , an Italian film with the original title Furia', 'The Rage -LRB- 2002 film -RRB- , a Romanian film with the original title Furia']",REFUTES,"Furia -LRB- film -RRB- , a 1999 French romantic drama film|Anna Stepanovna Politkovskaya -LRB- -LSB- А́нна Степа́новна Политко́вская , p = ˈanːə sʲtʲɪˈpanəvnə pəlʲɪtˈkofskəjə -RSB- Га́нна Степа́нівна Політко́вська -LSB- ˈɦɑnːɐ steˈpɑnʲiu̯nɐ pɔlʲitˈkɔu̯sʲkɐ -RSB- née Mazepa -LSB- mɐˈzɛpɐ -RSB- 30 August 1958 -- 7 October 2006 -RRB- was a Russian journalist , writer , and human rights activist who became known in her forties for her opposition to the policies of Russian President Vladimir Putin and , in particular , his waging of the Second Chechen War -LRB- 1999-2005 -RRB- .|Anna Stepanovna Politkovskaya -LRB- -LSB- А́нна Степа́новна Политко́вская , p = ˈanːə sʲtʲɪˈpanəvnə pəlʲɪtˈkofskəjə -RSB- Га́нна Степа́нівна Політко́вська -LSB- ˈɦɑnːɐ steˈpɑnʲiu̯nɐ pɔlʲitˈkɔu̯sʲkɐ -RSB- née Mazepa -LSB- mɐˈzɛpɐ -RSB- 30 August 1958 -- 7 October 2006 -RRB- was a Russian journalist , writer , and human rights activist who became known in her forties for her opposition to the policies of Russian President Vladimir Putin and , in particular , his waging of the Second Chechen War -LRB- 1999-2005 -RRB- .|Fury -LRB- 1947 film -RRB- , an Italian film with the original title Furia|The Rage -LRB- 2002 film -RRB- , a Romanian film with the original title Furia"
One state of the United States has Russia to its west.,"['The United States of America -LRB- USA -RRB- , commonly known as the United States -LRB- U.S. -RRB- or America , is a constitutional federal republic composed of 50 states , a federal district , five major self-governing territories , and various possessions . territories Territories of the United States constitutional constitutional federal republic federal republic states U.S. state federal district Washington, D.C.', 'The state of Hawaii is an archipelago in the mid-Pacific Ocean .', 'The state of Alaska is in the northwest corner of North America , bordered by Canada to the east and across the Bering Strait from Russia to the west .', 'The United States embarked on a vigorous expansion across North America throughout the 19th century , displacing Native American tribes , acquiring new territories , and gradually admitting new states until it spanned the continent by 1848 . North North America territories Territories of the United States Native Native Americans in the United States American Americans states U.S. state North America North America displacing Native American tribes American Indian Wars acquiring new territories United States territorial acquisitions admitting new states List of U.S.', 'Russia -LRB- -LSB- ˈrʌʃə -RSB- -LSB- Россия , Rossiya , rɐˈsʲijə -RSB- -RRB- , also officially the Russian Federation -LRB- -LSB- Российская Федерация , r = Rossiyskaya Federatsiya , p = rɐˈsʲijskəjə fʲɪdʲɪˈratsɨjə -RSB- -RRB- , is a country in Eurasia .']",SUPPORTS,"The United States of America -LRB- USA -RRB- , commonly known as the United States -LRB- U.S. -RRB- or America , is a constitutional federal republic composed of 50 states , a federal district , five major self-governing territories , and various possessions . territories Territories of the United States constitutional constitutional federal republic federal republic states U.S. state federal district Washington, D.C.|The state of Hawaii is an archipelago in the mid-Pacific Ocean .|The state of Alaska is in the northwest corner of North America , bordered by Canada to the east and across the Bering Strait from Russia to the west .|The United States embarked on a vigorous expansion across North America throughout the 19th century , displacing Native American tribes , acquiring new territories , and gradually admitting new states until it spanned the continent by 1848 . North North America territories Territories of the United States Native Native Americans in the United States American Americans states U.S. state North America North America displacing Native American tribes American Indian Wars acquiring new territories United States territorial acquisitions admitting new states List of U.S.|Russia -LRB- -LSB- ˈrʌʃə -RSB- -LSB- Россия , Rossiya , rɐˈsʲijə -RSB- -RRB- , also officially the Russian Federation -LRB- -LSB- Российская Федерация , r = Rossiyskaya Federatsiya , p = rɐˈsʲijskəjə fʲɪdʲɪˈratsɨjə -RSB- -RRB- , is a country in Eurasia ."
Sophie Turner was born in the 1990s.,"['Turner has also starred in the television film The Thirteenth Tale -LRB- 2013 -RRB- and she made her feature film debut in Another Me -LRB- 2013 -RRB- .', 'For her performance , she has received four nominations for Screen Actors Guild Award for Outstanding Performance by an Ensemble in a Drama Series , as well as a Young Artist Award nomination for Best Supporting Young Actress in a TV Series .', 'Turner made her professional acting debut as Sansa Stark on the HBO fantasy television series Game of Thrones -LRB- 2011 -- present -RRB- , which brought her international recognition and critical praise .', 'Sophie Turner -LRB- born 21 February 1996 -RRB- is an English actress .', 'She has also starred in the action comedy Barely Lethal -LRB- 2015 -RRB- and played Jean Grey / Phoenix in the X-Men film series .']",SUPPORTS,"Turner has also starred in the television film The Thirteenth Tale -LRB- 2013 -RRB- and she made her feature film debut in Another Me -LRB- 2013 -RRB- .|For her performance , she has received four nominations for Screen Actors Guild Award for Outstanding Performance by an Ensemble in a Drama Series , as well as a Young Artist Award nomination for Best Supporting Young Actress in a TV Series .|Turner made her professional acting debut as Sansa Stark on the HBO fantasy television series Game of Thrones -LRB- 2011 -- present -RRB- , which brought her international recognition and critical praise .|Sophie Turner -LRB- born 21 February 1996 -RRB- is an English actress .|She has also starred in the action comedy Barely Lethal -LRB- 2015 -RRB- and played Jean Grey / Phoenix in the X-Men film series ."
Mother Teresa was made a saint by the church.,"['Mother Teresa , known in the Catholic Church as Saint Teresa of Calcutta -LRB- born Anjezë Gonxhe Bojaxhiu ; -LSB- aˈɲɛzə ˈɡɔndʒɛ bɔjaˈdʒiu -RSB- ; 26 August 1910 -- 5 September 1997 -RRB- , was an Albanian-Indian Roman Catholic nun and missionary .', 'The Catholic Church has defined four Marian dogmas : the Immaculate Conception , the dogma that Mary was conceived without original sin ; her status as the Mother of God ; her perpetual virginity ; and her bodily assumption into Heaven at the end of her earthly life .', 'A saint , also historically known as a hallow , is a term used for a person who is recognized as having an exceptional degree of holiness or likeness to God .', ""The Catholic Church teaches that it is the one true church founded by Jesus Christ , that its bishops are the successors of Christ 's apostles , and that the Pope is the successor to Saint Peter ."", 'She was canonised -LRB- recognised by the church as a saint -RRB- on 4 September 2016 , and the anniversary of her death -LRB- 5 September -RRB- is her feast day .']",SUPPORTS,"Mother Teresa , known in the Catholic Church as Saint Teresa of Calcutta -LRB- born Anjezë Gonxhe Bojaxhiu ; -LSB- aˈɲɛzə ˈɡɔndʒɛ bɔjaˈdʒiu -RSB- ; 26 August 1910 -- 5 September 1997 -RRB- , was an Albanian-Indian Roman Catholic nun and missionary .|The Catholic Church has defined four Marian dogmas : the Immaculate Conception , the dogma that Mary was conceived without original sin ; her status as the Mother of God ; her perpetual virginity ; and her bodily assumption into Heaven at the end of her earthly life .|A saint , also historically known as a hallow , is a term used for a person who is recognized as having an exceptional degree of holiness or likeness to God .|The Catholic Church teaches that it is the one true church founded by Jesus Christ , that its bishops are the successors of Christ 's apostles , and that the Pope is the successor to Saint Peter .|She was canonised -LRB- recognised by the church as a saint -RRB- on 4 September 2016 , and the anniversary of her death -LRB- 5 September -RRB- is her feast day ."
